name,amount,price,description
Dry Ice,70,56.74,Vulpes vulpes
Bread - Italian Corn Meal Poly,75,65.63,Cracticus nigroagularis
"Wine - Red, Pelee Island Merlot",61,42.39,Stenella coeruleoalba
Piping Jelly - All Colours,39,87.99,Spermophilus armatus
"Carrots - Purple, Organic",87,42.36,unavailable
Bread - Corn Muffaletta,1,85.49,Lepus arcticus
Sugar - Fine,34,71.31,Bucorvus leadbeateri
Longos - Chicken Wings,90,83.79,Picoides pubescens
Sauce - Hoisin,43,26.73,Phoenicopterus chilensis
Muffin Batt - Ban Dream Zero,41,68.95,Canis aureus
Flour - Rye,54,31.93,Varanus salvator
Table Cloth 53x69 White,97,28.22,Notechis semmiannulatus
Oysters - Smoked,57,40.3,Rhea americana
Turnip - Mini,15,96.85,Speothos vanaticus
"Melon - Watermelon, Seedless",100,65.34,Hymenolaimus malacorhynchus
"Salmon - Atlantic, No Skin",50,64.24,Phoenicopterus ruber
Soup Campbells - Tomato Bisque,52,56.16,Cebus apella
Puree - Strawberry,85,33.95,Cereopsis novaehollandiae
Dried Figs,26,48.38,Ciconia ciconia
Sauce - Oyster,62,6.13,Bubo virginianus
Pineapple - Golden,99,82.14,Tragelaphus angasi
Lettuce - Red Leaf,1,18.59,Phalaropus fulicarius
Pepper - Green,7,1.2,Lutra canadensis
Oysters - Smoked,58,85.41,Macropus agilis
Lobster - Cooked,85,57.72,Tayassu pecari
"Jam - Strawberry, 20 Ml Jar",3,5.46,Sciurus vulgaris
Chivas Regal - 12 Year Old,37,70.93,Anastomus oscitans
"Tomatoes - Vine Ripe, Yellow",55,77.52,Diomedea irrorata
"Placemat - Scallop, White",60,62.52,Ursus americanus
Squash - Sunburst,40,36.36,Chelodina longicollis
Sprouts - Bean,70,97.37,Hippotragus equinus
Strawberries,13,68.09,Eutamias minimus
"Oil - Olive, Extra Virgin",70,74.94,Vanellus chilensis
Veal - Liver,36,71.64,Naja nivea
Cheese - Parmigiano Reggiano,61,44.98,Dasyurus viverrinus
Potatoes - Peeled,48,61.48,Tadorna tadorna
"Tea - Darjeeling, Azzura",33,54.81,Halcyon smyrnesis
Scampi Tail,7,38.88,Plocepasser mahali
Beef - Montreal Smoked Brisket,99,30.82,Francolinus swainsonii
"Shrimp - 16 - 20 Cooked, Peeled",88,52.28,Spermophilus parryii
Wooden Mop Handle,47,99.41,Hyaena hyaena
Wild Boar - Tenderloin,37,6.14,Bos taurus
Herb Du Provence - Primerba,29,62.02,Ara macao
Garbag Bags - Black,23,53.61,Geochelone elephantopus
Pimento - Canned,69,65.46,Felis rufus
Wine - Sawmill Creek Autumn,17,23.76,Podargus strigoides
Red Currant Jelly,33,84.06,Xerus sp.
Bread - Sour Sticks With Onion,68,40.08,Ploceus rubiginosus
Bread - Onion Focaccia,3,26.34,Pseudalopex gymnocercus
Rice - 7 Grain Blend,22,93.75,Nasua nasua
Towel - Roll White,88,75.14,Francolinus coqui
Berry Brulee,78,57.41,Phalacrocorax niger
"Mushrooms - Black, Dried",43,1.9,Pteronura brasiliensis
Crackers - Graham,87,24.4,Bubo sp.
Molasses - Fancy,23,26.1,Fulica cristata
Liqueur - Melon,43,8.08,Kobus leche robertsi
Truffle Shells - Semi - Sweet,70,8.35,Eumetopias jubatus
Wine - Sauvignon Blanc,50,89.3,Psophia viridis
Sauce - Hollandaise,26,45.88,Phalaropus fulicarius
"Lemonade - Kiwi, 591 Ml",31,7.05,Oryx gazella
"Beef - Baby, Liver",46,97.86,Gymnorhina tibicen
Spring Roll Wrappers,49,74.36,Heloderma horridum
"Coke - Diet, 355 Ml",76,77.92,Uraeginthus granatina
Sobe - Liz Blizz,71,39.91,Diomedea irrorata
Waffle Stix,62,21.67,Helogale undulata
"Rum - Cream, Amarula",3,18.16,Butorides striatus
"Lemonade - Strawberry, 591 Ml",85,15.06,Epicrates cenchria maurus
Beer - Camerons Auburn,92,62.75,Cyrtodactylus louisiadensis
Paste - Black Olive,54,76.82,Sitta canadensis
Pie Pecan,35,71.04,Colaptes campestroides
Lettuce - Curly Endive,60,88.73,Felis wiedi or Leopardus weidi
Soup - Campbells Chicken,36,61.13,Chlidonias leucopterus
Ketchup - Tomato,6,36.07,Damaliscus lunatus
"Butter - Salted, Micro",94,29.76,Spheniscus magellanicus
Cherries - Fresh,94,99.25,Alcelaphus buselaphus caama
Cheese - Grana Padano,8,80.59,Hyaena brunnea
Horseradish - Prepared,44,86.53,Milvago chimachima
Wine - Hardys Bankside Shiraz,42,19.95,Alcelaphus buselaphus caama
Drambuie,82,22.95,Equus hemionus
"Basil - Dry, Rubbed",62,3.79,Eudromia elegans
Soy Protein,91,73.31,Sciurus vulgaris
Milk - Chocolate 500ml,19,24.16,Psittacula krameri
Bread - Bistro White,8,48.37,Merops nubicus
Caviar - Salmon,88,51.04,Dasyurus viverrinus
Squash - Guords,41,12.8,Crotalus adamanteus
"Orange - Canned, Mandarin",20,60.71,Alcelaphus buselaphus cokii
Lime Cordial - Roses,51,27.41,Sylvicapra grimma
Onions - Green,67,48.53,Mazama americana
Crackers - Melba Toast,41,15.51,Alligator mississippiensis
Wine - Remy Pannier Rose,44,59.94,Naja haje
Glycerine,12,48.05,Acanthaster planci
Tea - Camomele,80,10.7,Ovis orientalis
Chevril,10,70.06,Butorides striatus
Beef Dry Aged Tenderloin Aaa,31,52.2,Drymarchon corias couperi
Chinese Foods - Cantonese,17,30.91,Leipoa ocellata
Wine - Toasted Head,8,92.01,Bassariscus astutus
Meldea Green Tea Liquor,85,4.26,Papio ursinus
Table Cloth 81x81 White,7,12.5,Bubulcus ibis
"Rum - Light, Captain Morgan",53,71.05,Vulpes vulpes
Tomatillo,99,29.49,Ara macao
"Coconut - Shredded, Sweet",54,46.22,Mabuya spilogaster
Sobe - Tropical Energy,32,95.82,Potorous tridactylus
Bread - Mini Hamburger Bun,60,22.22,Pelecans onocratalus
"Veal - Inside Round / Top, Lean",88,3.69,Bucorvus leadbeateri
Lettuce - Lambs Mash,100,46.69,Tursiops truncatus
Soup - Campbells Mushroom,19,2.65,Rhea americana
Mustard - Pommery,72,41.58,Corvus brachyrhynchos
Icecream Cone - Areo Chocolate,43,74.82,Pseudoleistes virescens
Onions Granulated,66,77.23,Varanus sp.
Energy - Boo - Koo,27,89.46,Varanus salvator
Sugar Thermometer,8,16.54,Connochaetus taurinus
"Bread - Roll, Whole Wheat",44,27.13,Ceryle rudis
Wine - Redchard Merritt,66,39.7,Isoodon obesulus
Muffin - Carrot Individual Wrap,26,71.69,Rhea americana
Aspic - Light,38,77.17,Spizaetus coronatus
Tea - Vanilla Chai,87,18.68,Psittacula krameri
"Wine - Saint - Bris 2002, Sauv",91,11.39,Tachyglossus aculeatus
Mushroom - Lg - Cello,89,53.62,Zenaida asiatica
Straw - Regular,28,98.48,Limosa haemastica
Mustard - Seed,78,43.7,Otaria flavescens
Cookie - Oatmeal,100,19.95,Odocoilenaus virginianus
"Basil - Primerba, Paste",98,8.62,Ara ararauna
Pastry - Choclate Baked,76,49.82,Canis lupus
Foam Tray S2,32,81.85,Agama sp.
"Pasta - Lasagna Noodle, Frozen",27,62.57,Macropus parryi
Sauce - Soy Low Sodium - 3.87l,19,29.38,Porphyrio porphyrio
Pasta - Orecchiette,60,30.19,Nannopterum harrisi
Carbonated Water - Strawberry,68,65.42,Falco peregrinus
Tray - 12in Rnd Blk,53,3.99,Macropus rufogriseus
Ecolab - Lime - A - Way 4/4 L,68,10.04,Canis lupus lycaon
"Lobster - Baby, Boiled",16,74.74,Theropithecus gelada
Isomalt,12,71.43,Oreamnos americanus
"Pasta - Lasagna, Dry",5,74.17,Branta canadensis
"Veal - Brisket, Provimi,bnls",5,80.25,Madoqua kirkii
"Sauce - Gravy, Au Jus, Mix",25,17.49,Canis lupus
"Nut - Pecan, Halves",66,39.11,Cervus elaphus
Soup Campbells,81,13.11,Crotalus triseriatus
Tart - Raisin And Pecan,26,56.2,Cyrtodactylus louisiadensis
Wine - Puligny Montrachet A.,95,18.27,Mazama americana
Cake Sheet Combo Party Pack,29,94.48,Canis aureus
Ecolab - Hand Soap Form Antibac,83,28.54,Chlamydosaurus kingii
"Dill - Primerba, Paste",74,47.71,Gyps bengalensis
Wine - Clavet Saint Emilion,48,37.72,Phalacrocorax brasilianus
Wine - Barossa Valley Estate,57,30.75,Ursus americanus
Clam Nectar,94,62.92,Lamprotornis superbus
Cheese - Ermite Bleu,77,61.33,Thalasseus maximus
Chips Potato All Dressed - 43g,17,54.64,Merops nubicus
Towel - Roll White,15,40.95,Papio ursinus
"Juice - Apple, 1.36l",62,91.18,Propithecus verreauxi
"Wine - Magnotta, Merlot Sr Vqa",97,51.04,Chlamydosaurus kingii
Blueberries - Frozen,89,10.02,Carduelis pinus
Cheese - Victor Et Berthold,44,25.34,Tamiasciurus hudsonicus
Shiratamako - Rice Flour,66,53.06,Sarkidornis melanotos
"Trout - Rainbow, Frozen",86,98.67,Odocoileus hemionus
Wine - Sauvignon Blanc Oyster,73,40.7,Aegypius tracheliotus
Tamarind Paste,35,82.43,Leptoptilos crumeniferus
Hersey Shakes,39,31.3,Phalacrocorax varius
Cheese - St. Paulin,52,58.59,Alopex lagopus
Bagelers - Cinn / Brown,4,9.32,Canis lupus baileyi
Lettuce - Lolla Rosa,88,61.38,Colaptes campestroides
"Juice - Cranberry, 341 Ml",97,77.25,Echimys chrysurus
"Salmon - Atlantic, Fresh, Whole",40,8.36,Limnocorax flavirostra
Dome Lid Clear P92008h,30,28.69,Perameles nasuta
Bacardi Breezer - Tropical,93,38.09,Otaria flavescens
Greens Mustard,100,26.05,Actophilornis africanus
"Shrimp - Baby, Warm Water",68,10.42,Canis lupus baileyi
Stainless Steel Cleaner Vision,33,70.21,Chionis alba
Lettuce - California Mix,82,33.53,Salvadora hexalepis
Wine - Beaujolais Villages,10,27.67,Crotalus triseriatus
Pasta - Canelloni,75,37.03,Trachyphonus vaillantii
Sage Ground Wiberg,34,39.24,Zonotrichia capensis
V8 Pet,31,21.34,Francolinus coqui
Cheese - Camembert,2,93.28,Crotalus cerastes
Cake - Miini Cheesecake Cherry,34,72.51,Ceratotherium simum
"Soup - Beef, Base Mix",34,47.64,Martes americana
Flour - Fast / Rapid,48,18.12,Felis concolor
Veal - Provimi Inside,70,70.76,Cebus nigrivittatus
Ecolab - Lime - A - Way 4/4 L,54,47.91,Aonyx capensis
Soup - Campbells,74,20.48,Haematopus ater
Wine - Pinot Noir Stoneleigh,33,38.41,Callipepla gambelii
Lettuce - Romaine,81,27.01,Colobus guerza
Scrubbie - Scotchbrite Hand Pad,5,15.56,Paroaria gularis
Oven Mitts - 15 Inch,88,80.3,Pavo cristatus
Table Cloth 54x72 Colour,97,71.72,Pavo cristatus
Allspice - Jamaican,53,91.41,Choloepus hoffmani
Spinach - Spinach Leaf,28,30.25,Hymenolaimus malacorhynchus
Wine - Pinot Noir Stoneleigh,54,12.28,Pteronura brasiliensis
Chinese Foods - Thick Noodles,85,12.49,Macropus parryi
Calypso - Strawberry Lemonade,63,45.71,Semnopithecus entellus
Pork - Bacon Cooked Slcd,7,89.01,unavailable
Oil - Hazelnut,80,3.09,Vulpes chama
Sprouts - Pea,65,63.29,Rhea americana
Cinnamon Rolls,42,19.53,Chelodina longicollis
Cilantro / Coriander - Fresh,13,71.98,Eubalaena australis
Muskox - French Rack,19,41.77,Anser anser
Wine - Blue Nun Qualitatswein,81,43.73,Cacatua tenuirostris
Filo Dough,80,97.7,Procyon cancrivorus
Cheese - Stilton,62,36.49,Physignathus cocincinus
Jicama,35,82.37,Tiliqua scincoides
Cumin - Whole,58,75.79,Ceratotherium simum
Curry Paste - Green Masala,24,17.11,Sciurus vulgaris
Apple - Granny Smith,81,17.12,Didelphis virginiana
Hog / Sausage Casing - Pork,32,1.47,Spermophilus lateralis
Compound - Passion Fruit,63,16.66,Geococcyx californianus
Hinge W Undercut,79,67.5,Anitibyx armatus
"Pasta - Penne, Lisce, Dry",50,76.77,Oxybelis fulgidus
Skirt - 29 Foot,21,80.04,Marmota caligata
Beer - Sleemans Cream Ale,69,11.82,Merops bullockoides
Guinea Fowl,92,65.27,Gabianus pacificus
"Mushroom - Trumpet, Dry",16,34.94,Pseudocheirus peregrinus
"Yogurt - Banana, 175 Gr",58,30.86,Myotis lucifugus
Pears - Anjou,23,21.9,Aegypius tracheliotus
Flavouring - Rum,14,74.84,Ictonyx striatus
Veal - Inside,90,44.2,Globicephala melas
Anchovy In Oil,42,88.8,Podargus strigoides
Amaretto,56,33.26,Phalaropus lobatus
Beans - Fine,50,54.11,Aonyx capensis
Lotus Root,23,68.32,Anastomus oscitans
Bag - Regular Kraft 20 Lb,91,37.65,Priodontes maximus
"Chilli Paste, Hot Sambal Oelek",65,37.23,Varanus sp.
Cocoa Butter,75,74.97,Bucorvus leadbeateri
"Sauce - Gravy, Au Jus, Mix",20,8.98,Macropus agilis
Cheese - Parmesan Grated,16,26.92,Taurotagus oryx
Pasta - Fusili Tri - Coloured,15,43.71,Antidorcas marsupialis
"Beef - Baby, Liver",65,59.59,Podargus strigoides
Puff Pastry - Sheets,30,69.52,Phasianus colchicus
"Juice - Pineapple, 341 Ml",67,17.12,Lama pacos
"Zucchini - Mini, Green",91,7.18,Alcelaphus buselaphus cokii
Muffin Mix - Lemon Cranberry,21,49.49,Oncorhynchus nerka
"Beets - Candy Cane, Organic",20,32.4,Dolichitus patagonum
Beef - Top Butt Aaa,43,51.32,Bubalus arnee
"Wine - White, Riesling, Semi - Dry",12,61.42,Phoenicopterus ruber
"Wine - White, Lindemans Bin 95",61,20.62,Felis libyca
Chivas Regal - 12 Year Old,77,6.61,Ciconia episcopus
Chives - Fresh,5,93.73,Lama glama
Sauce Bbq Smokey,13,23.54,Kobus vardonii vardoni
Cheese - Colby,33,57.1,Tachyglossus aculeatus
Tea - English Breakfast,21,75.33,Stercorarius longicausus
Wine - Muscadet Sur Lie,88,75.63,Streptopelia decipiens
"Bread - Roll, Italian",30,4.68,Colaptes campestroides
Fond - Chocolate,47,9.22,Phasianus colchicus
Pears - Fiorelle,61,3.35,Sciurus vulgaris
Carbonated Water - Orange,38,89.56,Ardea cinerea
"Chicken - Wings, Tip Off",5,6.87,Cervus elaphus
Rice - 7 Grain Blend,77,94.54,Eudyptula minor
Grenadillo,82,64.0,unavailable
Juice - Ocean Spray Cranberry,96,16.11,Pavo cristatus
Mushrooms - Honey,68,30.09,Marmota flaviventris
Cake - French Pear Tart,62,65.63,Ursus maritimus
Paper Towel Touchless,38,33.52,Panthera leo persica
Corn - On The Cob,19,18.62,Phascogale calura
"Rosemary - Primerba, Paste",56,53.43,Pavo cristatus
Lamb Tenderloin Nz Fr,38,41.15,Varanus sp.
Clams - Canned,91,93.55,Mustela nigripes
Asparagus - Mexican,62,38.43,Lasiodora parahybana
Beer - Camerons Cream Ale,75,96.5,Phalacrocorax niger
Glass Clear 7 Oz Xl,35,91.47,Coracias caudata
Chicken - Ground,93,77.46,Morelia spilotes variegata
Cake - Pancake,30,82.98,Ursus americanus
"Noodles - Cellophane, Thin",53,58.98,Dipodomys deserti
Chivas Regal - 12 Year Old,31,8.35,Grus rubicundus
"Asparagus - White, Canned",24,19.94,Cyrtodactylus louisiadensis
Cabbage Roll,87,75.14,Thalasseus maximus
"Lamb - Leg, Bone In",13,74.49,Trichosurus vulpecula
Ginsing - Fresh,48,46.12,Plegadis falcinellus
Energy Drink - Redbull 355ml,71,60.17,Lycaon pictus
Milk - Homo,1,5.03,Gabianus pacificus
Crackers Cheez It,66,32.19,Choloepus hoffmani
Napkin White,21,8.37,Climacteris melanura
Wine - Piper Heidsieck Brut,25,56.66,Ephipplorhynchus senegalensis
"Lemonade - Kiwi, 591 Ml",80,76.3,Francolinus coqui
"Melon - Watermelon, Seedless",77,64.43,Gabianus pacificus
Magnotta - Bel Paese White,94,73.14,Mycteria ibis
Coffee Beans - Chocolate,50,93.28,Neophoca cinerea
Chives - Fresh,12,23.67,Libellula quadrimaculata
"Turkey - Breast, Bone - In",95,68.97,Microcebus murinus
Syrup - Chocolate,42,74.3,Cygnus atratus
"Bread - Bagels, Plain",77,58.53,Plocepasser mahali
Lettuce - Boston Bib,29,58.3,Madoqua kirkii
Rolled Oats,91,86.48,Buteo jamaicensis
External Supplier,35,90.67,Paradoxurus hermaphroditus
Rhubarb,30,86.94,Choloepus hoffmani
"Mushroom - Enoki, Fresh",57,33.64,Ursus arctos
Wine - Acient Coast Caberne,19,87.4,Grus canadensis
Container Clear 8 Oz,33,64.74,Buteo regalis
Puree - Mocha,59,20.9,Geochelone elegans
Cheese - Bakers Cream Cheese,100,77.17,Ephippiorhynchus mycteria
Wine - Ruffino Chianti,73,42.65,Rhea americana
Soup - Campbells Beef Noodle,36,35.94,Picoides pubescens
Towel - Roll White,45,93.34,Melanerpes erythrocephalus
Cookie - Dough Variety,56,25.5,Vulpes chama
Cake - Lemon Chiffon,80,9.31,Cacatua tenuirostris
Tomatoes Tear Drop Yellow,71,12.71,Vulpes vulpes
Butter - Salted,100,75.2,Nyctereutes procyonoides
Milk Powder,18,27.55,Crotalus cerastes
Bread Crumbs - Panko,70,54.28,Spheniscus mendiculus
Shrimp - Black Tiger 8 - 12,22,22.6,Leprocaulinus vipera
Eggs - Extra Large,70,22.4,Dendrocygna viduata
Puree - Raspberry,3,7.02,Tockus erythrorhyncus
Salt - Celery,95,31.14,Genetta genetta
Compound - Strawberry,41,52.26,Eudyptula minor
Crawfish,87,26.81,Phylurus milli
"Pork - Butt, Boneless",37,13.46,Haliaeetus leucoryphus
Curry Powder Madras,26,87.42,Macaca mulatta
Chips Potato Swt Chilli Sour,71,64.53,Meleagris gallopavo
Hog / Sausage Casing - Pork,34,11.7,Heloderma horridum
Clam - Cherrystone,20,4.09,Epicrates cenchria maurus
Table Cloth 91x91 Colour,88,87.72,Hystrix cristata
Chocolate - Milk Coating,93,25.38,Chauna torquata
Bread - Pumpernickel,20,70.65,unavailable
Raspberries - Frozen,66,27.33,unavailable
Wine - Charddonnay Errazuriz,45,89.41,Tiliqua scincoides
Eggplant - Asian,17,49.56,Anas bahamensis
Food Colouring - Pink,50,84.22,Suricata suricatta
Versatainer Nc - 8288,58,40.27,Canis aureus
Nantucket - Pomegranate Pear,90,94.03,Isoodon obesulus
Wine - Chablis 2003 Champs,85,46.75,Chelodina longicollis
Cake - Mini Potato Pancake,20,39.13,Canis aureus
Squash - Pepper,5,24.46,Aegypius occipitalis
Crackers - Melba Toast,48,92.79,Martes americana
Muffin - Mix - Bran And Maple 15l,68,21.65,Hippotragus equinus
Pickle - Dill,54,73.85,Pteronura brasiliensis
Bagel - Whole White Sesame,90,33.0,Cervus canadensis
"Salmon - Whole, 4 - 6 Pounds",34,8.59,Mazama gouazoubira
"Doilies - 10, Paper",4,43.65,Sylvilagus floridanus
"Split Peas - Green, Dry",54,36.69,Anas punctata
Longos - Grilled Salmon With Bbq,99,67.82,Felis silvestris lybica
"Beef - Rouladin, Sliced",21,12.31,Dacelo novaeguineae
"Iced Tea - Lemon, 460 Ml",96,28.48,Neophron percnopterus
"Syrup - Monin, Irish Cream",81,43.45,Macropus agilis
Pastry - Cheese Baked Scones,36,3.55,Streptopelia senegalensis
Gelatine Powder,33,51.57,Alectura lathami
Sausage - Blood Pudding,39,48.76,Corythornis cristata
"Seedlings - Mix, Organic",44,1.4,Bucephala clangula
"Cheese - Brie, Triple Creme",10,87.48,Psophia viridis
Ecolab - Mikroklene 4/4 L,96,97.74,Macaca mulatta
Juice Peach Nectar,71,95.19,Phasianus colchicus
Beef Flat Iron Steak,20,93.92,Hippotragus niger
Chocolate Bar - Oh Henry,57,81.34,Gabianus pacificus
Cheese - Camembert,45,31.45,Zenaida asiatica
Cod - Black Whole Fillet,92,75.48,Streptopelia senegalensis
Fruit Salad Deluxe,94,8.24,Varanus salvator
Chef Hat 20cm,66,64.36,Laniaurius atrococcineus
Tuna - Bluefin,8,8.2,Dendrocygna viduata
Five Alive Citrus,99,92.67,Junonia genoveua
Rye Special Old,26,76.0,Pycnonotus nigricans
Pepper - Gypsy Pepper,91,21.88,Phalaropus lobatus
Mayonnaise,66,96.63,Libellula quadrimaculata
Soup - Base Broth Chix,42,68.24,Kobus leche robertsi
Wine - Tio Pepe Sherry Fino,59,40.17,unavailable
Soupcontfoam16oz 116con,34,61.31,Pycnonotus nigricans
Pike - Frozen Fillet,88,97.99,Bradypus tridactylus
"Shrimp - Baby, Warm Water",36,11.03,Bos frontalis
Clam - Cherrystone,31,38.26,Felis silvestris lybica
Long Island Ice Tea,100,79.65,Lepilemur rufescens
"Soup - Beef Conomme, Dry",46,92.05,Manouria emys
"Basil - Primerba, Paste",23,80.66,Gekko gecko
Icecream Bar - Del Monte,74,82.07,Cygnus atratus
Wine - White Cab Sauv.on,22,81.17,Acrobates pygmaeus
Sobe - Cranberry Grapefruit,13,36.71,Myrmecophaga tridactyla
Pork - Sausage Casing,38,81.37,Callipepla gambelii
"Lemonade - Island Tea, 591 Ml",65,46.33,Leipoa ocellata
Wine - Two Oceans Sauvignon,66,91.89,Zenaida asiatica
Cookie Dough - Chunky,46,7.71,Francolinus coqui
Wine - Blue Nun Qualitatswein,31,67.28,Pseudalopex gymnocercus
Oil - Macadamia,80,65.18,Marmota caligata
Cranberries - Frozen,2,47.89,Balearica pavonina
Shrimp - Black Tiger 26/30,94,43.47,Melanerpes erythrocephalus
Green Tea Refresher,6,41.11,Oryx gazella
Oil - Safflower,10,74.07,Phascogale calura
Vol Au Vents,33,51.75,Zenaida asiatica
Monkfish - Fresh,14,65.34,Platalea leucordia
Cheese - Grie Des Champ,5,97.35,Kobus leche robertsi
Carrots - Jumbo,58,47.31,Lorythaixoides concolor
Beef - Cow Feet Split,35,14.54,Theropithecus gelada
Halibut - Fletches,78,14.59,Thamnolaea cinnmomeiventris
Initation Crab Meat,98,6.05,Tursiops truncatus
Sugar - Individual Portions,98,68.34,Canis mesomelas
Buffalo - Tenderloin,75,65.83,Macaca fuscata
Pie Box - Cello Window 2.5,20,95.52,Columba livia
Dr. Pepper - 355ml,5,13.27,Boa caninus
Flour - Chickpea,82,86.18,Mazama gouazoubira
Beer - Fruli,43,34.52,Bassariscus astutus
Cheese - Grana Padano,89,35.91,Rhabdomys pumilio
Wakami Seaweed,100,2.82,Geochelone radiata
Sausage - Breakfast,37,59.44,Plegadis falcinellus
Shortbread - Cookie Crumbs,25,22.46,Passer domesticus
Kaffir Lime Leaves,58,64.57,Uraeginthus granatina
"Tabasco Sauce, 2 Oz",10,87.67,Spheniscus magellanicus
"Artichoke - Bottom, Canned",18,79.26,Gyps bengalensis
Allspice - Jamaican,96,15.43,Hippotragus equinus
Water - Tonic,89,11.58,Speothos vanaticus
Spring Roll Veg Mini,77,7.64,Ovis ammon
Extract - Raspberry,60,19.26,Oreamnos americanus
Longan,44,37.22,Chauna torquata
Ecolab - Hobart Washarm End Cap,28,36.21,Tragelaphus scriptus
Higashimaru Usukuchi Soy,77,36.5,Cathartes aura
Wine - Guy Sage Touraine,72,70.0,Pelecans onocratalus
Lettuce - Green Leaf,96,75.16,unavailable
"Leeks - Baby, White",29,34.99,Ardea golieth
Wine - Fat Bastard Merlot,22,29.71,Coluber constrictor
Tea - Decaf Lipton,31,92.64,Ciconia episcopus
Couscous,27,91.7,Myrmecobius fasciatus
Pork - Belly Fresh,2,83.05,Ursus maritimus
Gatorade - Xfactor Berry,46,77.28,Semnopithecus entellus
Wine - Bouchard La Vignee Pinot,2,76.28,Chauna torquata
Bacon Strip Precooked,97,54.72,unavailable
"Mushroom - Oyster, Fresh",67,47.97,Tyto novaehollandiae
Sage - Ground,89,51.99,Fulica cristata
Flour - Semolina,18,38.26,Lepus arcticus
Eggplant Oriental,5,96.61,Ceryle rudis
Nougat - Paste / Cream,8,36.58,Martes pennanti
Dried Figs,96,32.39,Larus dominicanus
Tumeric,36,77.84,Lamprotornis nitens
"Butter - Salted, Micro",14,69.61,Callorhinus ursinus
Lamb - Whole Head Off,85,59.35,Paraxerus cepapi
Laundry - Bag Cloth,15,46.07,Phalacrocorax varius
Spice - Paprika,48,13.23,Haliaeetus leucocephalus
"Appetizer - Spring Roll, Veg",43,16.21,unavailable
Lettuce - Sea / Sea Asparagus,79,51.95,Cracticus nigroagularis
Oil - Macadamia,69,12.35,Vulpes vulpes
"Bag - Bread, White, Plain",62,89.07,Halcyon smyrnesis
Chicken - Leg / Back Attach,79,80.11,Cebus nigrivittatus
Canada Dry,46,92.29,Lycosa godeffroyi
Wine - Chateau Bonnet,15,47.76,Ammospermophilus nelsoni
"Beans - Black Bean, Preserved",64,32.75,Hystrix cristata
Wine - German Riesling,91,85.25,Felis concolor
Wine - Prosecco Valdobiaddene,37,55.26,Aonyx capensis
Stainless Steel Cleaner Vision,79,68.96,Haematopus ater
Dish Towel,65,46.28,Felis silvestris lybica
Ice Cream - Strawberry,60,30.49,Chauna torquata
"Pork - Bacon,back Peameal",67,65.88,Phasianus colchicus
Veal - Heart,6,35.8,Merops sp.
Butter - Unsalted,14,63.12,Lemur fulvus
Veal - Sweetbread,27,54.09,Ninox superciliaris
"Beans - Black Bean, Canned",92,44.08,Ammospermophilus nelsoni
Extract Vanilla Pure,41,22.96,Porphyrio porphyrio
Lamb - Ground,65,84.56,Canis aureus
Shichimi Togarashi Peppeers,14,20.37,Bucorvus leadbeateri
"Capon - Breast, Wing On",86,57.07,Corvus brachyrhynchos
Beans - Wax,4,26.77,Plegadis falcinellus
Mustard - Individual Pkg,26,2.36,Ephippiorhynchus mycteria
Food Colouring - Red,80,62.61,Elephas maximus bengalensis
Wine - Manischewitz Concord,70,2.37,Axis axis
Foie Gras,93,93.88,Myiarchus tuberculifer
Oil - Avocado,67,70.64,Corvus albicollis
Bread - Frozen Basket Variety,30,9.74,Coendou prehensilis
Cheese - Colby,69,39.37,Sceloporus magister
Beef - Flank Steak,38,11.92,Spermophilus lateralis
Broom Handle,44,73.27,Castor fiber
Hipnotiq Liquor,58,72.83,Phasianus colchicus
Mini - Vol Au Vents,8,67.46,Dasyurus viverrinus
Shrimp - 150 - 250,76,66.47,Priodontes maximus
Syrup - Monin - Granny Smith,18,72.14,Vombatus ursinus
"Red Snapper - Fillet, Skin On",41,90.41,Grus rubicundus
Table Cloth 54x54 White,51,81.71,Buteo galapagoensis
Bowl 12 Oz - Showcase 92012,60,60.63,Butorides striatus
Coffee Beans - Chocolate,25,66.27,Ictonyx striatus
Sour Puss Raspberry,73,44.48,Streptopelia senegalensis
Cheese - Cambozola,48,66.62,Tayassu pecari
Oneshot Automatic Soap System,37,8.26,Haematopus ater
"Chocolate - Semi Sweet, Calets",87,36.01,Semnopithecus entellus
Cheese - Valancey,17,52.91,Delphinus delphis
"Soup - Campbells, Chix Gumbo",85,53.03,Naja haje
Wine - Prosecco Valdobienne,31,45.32,Castor fiber
Cookies - Englishbay Oatmeal,86,74.27,Lutra canadensis
Skewers - Bamboo,1,98.09,Eumetopias jubatus
Mcguinness - Blue Curacao,92,55.69,Orcinus orca
Wine - Sicilia Igt Nero Avola,74,56.67,Alopex lagopus
Wine - Cotes Du Rhone,74,89.6,Myrmecophaga tridactyla
Bread - Ciabatta Buns,45,6.03,Fratercula corniculata
Monkfish Fresh - Skin Off,79,90.5,Phasianus colchicus
Campari,24,33.23,Phalacrocorax niger
Chocolate - Feathers,66,8.57,Hystrix cristata
Pate - Cognac,85,8.16,Alligator mississippiensis
Sausage - Liver,28,67.45,Sagittarius serpentarius
Tomatoes - Yellow Hot House,41,88.85,Eolophus roseicapillus
Cranberries - Dry,58,83.73,Irania gutteralis
Sterno - Chafing Dish Fuel,14,80.32,Camelus dromedarius
"Coffee - Colombian, Portioned",31,42.4,Zenaida asiatica
Cake - Cake Sheet Macaroon,7,81.54,Tadorna tadorna
Huck White Towels,76,97.5,Panthera pardus
"Lemonade - Island Tea, 591 Ml",66,82.89,Rhea americana
Capicola - Hot,52,66.64,Acrantophis madagascariensis
Cup - Paper 10oz 92959,96,86.04,Marmota caligata
Cup - Paper 10oz 92959,21,53.51,Hymenolaimus malacorhynchus
"Wine - Red, Metus Rose",66,10.82,Threskionis aethiopicus
Pork Salted Bellies,63,58.16,Butorides striatus
Nantucket - 518ml,100,43.83,Lamprotornis superbus
Tomatoes - Orange,91,89.7,Genetta genetta
Juice - Orange,84,33.84,Lamprotornis sp.
Muffin Chocolate Individual Wrap,32,3.75,Loris tardigratus
Pork - Caul Fat,70,10.33,Stenella coeruleoalba
Wine - Delicato Merlot,39,63.6,Odocoileus hemionus
Monkfish - Fresh,16,40.68,Sula dactylatra
Beer - Muskoka Cream Ale,86,47.27,Fregata magnificans
Cheese - Ermite Bleu,61,99.29,Hippotragus equinus
"Yogurt - Raspberry, 175 Gr",66,95.06,Macropus eugenii
Dc Hikiage Hira Huba,16,81.83,Carduelis pinus
Tomatillo,75,85.89,Tragelaphus scriptus
Filter - Coffee,91,25.6,Tursiops truncatus
Cake - Pancake,84,37.07,Nyctanassa violacea
Wine - Remy Pannier Rose,7,74.39,Sarcorhamphus papa
Blueberries - Frozen,96,74.56,Macropus agilis
Sauce - Sesame Thai Dressing,71,25.0,Bucorvus leadbeateri
Bagel - 12 Grain Preslice,45,49.53,Felis silvestris lybica
Fuji Apples,14,97.08,Ceryle rudis
"Water - Spring Water, 355 Ml",53,80.57,Bos taurus
"Pork - Back, Short Cut, Boneless",44,4.86,Otaria flavescens
Peas Snow,35,84.77,Ephippiorhynchus mycteria
Cheese - Taleggio D.o.p.,53,92.17,Tauraco porphyrelophus
Fiddlehead - Frozen,91,99.76,Castor canadensis
Nantuket Peach Orange,28,89.91,Hystrix cristata
Cheese - Ermite Bleu,5,79.84,Spermophilus parryii
"Shrimp, Dried, Small / Lb",100,49.78,Terathopius ecaudatus
"Bag - Bread, White, Plain",93,41.04,Pseudocheirus peregrinus
Shrimp - 31/40,30,32.74,Semnopithecus entellus
Dates,56,13.49,Petaurus breviceps
Pastry - Banana Tea Loaf,45,88.31,Felis silvestris lybica
"Rum - White, Gg White",55,9.04,Bassariscus astutus
Huck White Towels,38,6.33,unavailable
Melon - Honey Dew,98,67.76,Macropus giganteus
Wine - Magnotta - Bel Paese White,10,89.13,Galago crassicaudataus
Wine - Riesling Alsace Ac 2001,51,5.35,Bradypus tridactylus
"Asparagus - White, Canned",69,21.48,Alectura lathami
"Juice - Clamato, 341 Ml",49,69.04,Colobus guerza
Fruit Mix - Light,39,85.53,Haematopus ater
Cotton Wet Mop 16 Oz,49,73.78,Tamiasciurus hudsonicus
Lamb Tenderloin Nz Fr,74,20.03,Bos taurus
Toothpick Frilled,18,24.83,Rhea americana
Ecolab - Hobart Washarm End Cap,2,87.3,Butorides striatus
"Salsify, Organic",50,11.89,Diomedea irrorata
"Napkin - Dinner, White",61,26.38,Gabianus pacificus
Duck - Whole,23,37.6,Rhea americana
Wine - Prosecco Valdobienne,38,77.26,Vulpes vulpes
"Veal - Insides, Grains",89,36.97,Manouria emys
Barramundi,59,52.53,Pelecans onocratalus
Tea - Decaf Lipton,76,1.47,Catharacta skua
Chinese Foods - Cantonese,86,87.34,Loris tardigratus
"Chocolate - Milk, Callets",69,33.38,unavailable
"Juice - Apple, 341 Ml",86,53.64,Ursus americanus
Chocolate - Feathers,35,55.52,Sitta canadensis
Wine - Sauvignon Blanc,52,57.89,Neophron percnopterus
Ecolab - Ster Bac,37,9.67,Phascogale calura
Coffee Guatemala Dark,43,92.35,Sula nebouxii
Syrup - Monin - Passion Fruit,89,84.1,Phalaropus fulicarius
"Yogurt - Blueberry, 175 Gr",20,22.55,Gyps bengalensis
Wine - Marlbourough Sauv Blanc,65,53.45,Pelecanus conspicillatus
Tea Leaves - Oolong,36,39.26,Equus burchelli
Cranberries - Frozen,49,74.39,Chionis alba
"Tabasco Sauce, 2 Oz",85,19.16,Meles meles
Temperature Recording Station,49,10.0,Grus rubicundus
Cake - French Pear Tart,5,56.78,Bassariscus astutus
Venison - Ground,23,10.92,Amblyrhynchus cristatus
Sherry - Dry,85,95.31,Hystrix cristata
Beef Wellington,34,17.76,Dendrohyrax brucel
"Rum - Cream, Amarula",85,6.09,Alligator mississippiensis
Appetizer - Assorted Box,53,35.02,Neotis denhami
Trueblue - Blueberry,26,6.51,Papio cynocephalus
"Bread - Bagels, Mini",86,81.58,Vombatus ursinus
Containter - 3oz Microwave Rect.,64,85.84,Canis lupus
"Turkey - Whole, Fresh",60,18.31,Marmota caligata
Sambuca - Opal Nera,53,75.93,Gorilla gorilla
Sugar - Fine,91,51.62,Zosterops pallidus
Dragon Fruit,1,12.19,Francolinus swainsonii
"Quail - Whole, Boneless",84,90.06,Stenella coeruleoalba
Lettuce - Spring Mix,87,71.88,Tachyglossus aculeatus
Dill Weed - Fresh,55,89.25,Crotalus cerastes
Muffin Hinge - 211n,75,41.98,Hyaena brunnea
"Beans - Turtle, Black, Dry",100,24.51,Pytilia melba
"Salmon - Atlantic, Skin On",1,49.43,Felis wiedi or Leopardus weidi
Salmon Steak - Cohoe 8 Oz,50,94.06,Alopex lagopus
Salt - Table,40,61.47,Tyto novaehollandiae
Cookie Trail Mix,61,63.4,Paradoxurus hermaphroditus
Pastry - Key Limepoppy Seed Tea,88,37.79,Cebus apella
Tofu - Firm,21,40.91,Merops sp.
"Veal - Tenderloin, Untrimmed",57,90.59,Ictonyx striatus
Cocoa Butter,8,59.47,Felis libyca
Sugar - Individual Portions,17,24.92,Pelecans onocratalus
Onions - Green,54,5.77,Francolinus coqui
"Syrup - Monin, Amaretta",30,67.61,Pytilia melba
Beef - Flank Steak,67,89.75,Notechis semmiannulatus
Coriander - Ground,60,89.71,Bos taurus
Wine - Gato Negro Cabernet,85,94.77,Rhea americana
Butter Ripple - Phillips,49,98.89,Aonyx cinerea
"Wine - Niagara,vqa Reisling",96,14.52,Mazama americana
Wine - Port Late Bottled Vintage,42,84.33,Coluber constrictor foxii
Grenadillo,46,70.04,Plocepasser mahali
Cucumber - Pickling Ontario,51,85.84,unavailable
Seedlings - Clamshell,35,68.89,Trichoglossus haematodus moluccanus
"Yogurt - Peach, 175 Gr",74,96.85,Haliaeetus leucoryphus
Shrimp - Black Tiger 13/15,36,70.85,Anas punctata
Wine - Chardonnay South,27,33.89,Tauraco porphyrelophus
Cookie Dough - Peanut Butter,27,96.72,Tiliqua scincoides
Pasta - Canelloni,88,25.27,Cordylus giganteus
Cheese - Pied De Vents,86,3.12,Centrocercus urophasianus
"Nut - Hazelnut, Ground, Natural",71,40.51,unavailable
Fennel,39,77.49,Cervus canadensis
"Juice - Tomato, 48 Oz",40,12.42,Erethizon dorsatum
Filter - Coffee,78,48.04,Phoeniconaias minor
Eggplant - Regular,33,85.99,Nectarinia chalybea
Wine - Fontanafredda Barolo,66,90.9,Lepilemur rufescens
Sauce - Fish 25 Ozf Bottle,2,38.37,Phoca vitulina
Lid - 3oz Med Rec,66,28.85,Tapirus terrestris
Cream - 35%,51,3.42,Phalacrocorax albiventer
Pepper - Chili Powder,83,13.6,Francolinus swainsonii
Durian Fruit,48,69.1,Geospiza sp.
"Jam - Raspberry,jar",38,86.63,Macropus eugenii
Lamb Shoulder Boneless Nz,71,6.63,Macaca fuscata
Milk - Skim,2,91.55,Crotalus cerastes
Pastry - Banana Tea Loaf,41,44.12,Podargus strigoides
Vodka - Smirnoff,94,62.81,Cordylus giganteus
Appetizer - Lobster Phyllo Roll,66,15.73,Otaria flavescens
Bread Foccacia Whole,67,33.95,Aegypius tracheliotus
Muffin Puck Ww Carrot,26,42.47,Chauna torquata
Milk - 2%,25,17.05,Taxidea taxus
V8 - Vegetable Cocktail,27,2.81,Felis libyca
Appetizer - Smoked Salmon / Dill,97,87.13,Leptoptilus dubius
Vector Energy Bar,52,71.39,Bucephala clangula
Pur Value,98,9.71,Choloepus hoffmani
Paper Towel Touchless,14,15.19,Macropus agilis
Truffle Cups - White Paper,89,74.75,Macropus eugenii
Tomatoes - Hot House,95,23.15,Cathartes aura
Maple Syrup,44,54.1,Rhabdomys pumilio
Flax Seed,10,41.02,Lemur catta
Canadian Emmenthal,90,29.5,Merops nubicus
Extract - Rum,81,76.61,Anastomus oscitans
"Beans - Kidney, Red Dry",44,70.83,Procyon cancrivorus
Yukon Jack,66,86.76,Callorhinus ursinus
Tomatoes - Roma,52,23.41,Ephipplorhynchus senegalensis
"Salt - Rock, Course",66,8.77,Tamiasciurus hudsonicus
Bread - Sour Batard,55,13.44,Bugeranus caruncalatus
Marjoram - Fresh,30,10.9,Choloepus hoffmani
Soup Campbells Mexicali Tortilla,76,49.97,Macaca mulatta
Dill Weed - Fresh,81,77.52,Felis chaus
Pizza Pizza Dough,98,70.04,Pelecans onocratalus
"Bread - Dark Rye, Loaf",27,54.19,Porphyrio porphyrio
Venison - Denver Leg Boneless,19,89.01,Centrocercus urophasianus
Sour Puss - Tangerine,55,12.57,Aepyceros mylampus
Table Cloth 53x69 White,2,25.01,Perameles nasuta
"Wine - White, Pinot Grigio",74,80.28,Gopherus agassizii
Sprouts Dikon,19,5.02,Agkistrodon piscivorus
Beer - Blue Light,48,28.48,Dusicyon thous
Bread - Triangle White,55,96.96,Dicrostonyx groenlandicus
"Basil - Dry, Rubbed",8,98.59,Equus hemionus
Cheese - Cream Cheese,90,75.41,Cervus elaphus
Stock - Fish,16,16.86,Panthera leo
"Stock - Veal, Brown",28,76.78,Cordylus giganteus
Appetizer - Smoked Salmon / Dill,59,72.05,Ovis canadensis
Syrup - Monin - Blue Curacao,77,36.49,Genetta genetta
"Sauce - Soya, Light",78,93.94,Oxybelis sp.
"Cheese - Mozzarella, Shredded",46,68.1,Bison bison
Eggplant Oriental,78,64.76,Libellula quadrimaculata
Muffin - Carrot Individual Wrap,2,29.73,Geococcyx californianus
Ecolab - Solid Fusion,71,19.5,Geococcyx californianus
"Chocolate - Pistoles, Lactee, Milk",56,90.86,Mirounga angustirostris
Appetizer - Veg Assortment,9,53.77,Fratercula corniculata
Crab - Meat Combo,81,80.01,Bison bison
Wine - Sauvignon Blanc,95,83.33,Naja haje
"Soup - Cream Of Broccoli, Dry",57,64.18,Lemur fulvus
Flour - Bread,57,95.24,Falco mexicanus
Flower - Carnations,82,99.34,Grus antigone
Cheese - Victor Et Berthold,3,99.19,Cygnus atratus
Sour Puss Raspberry,94,85.97,Tamandua tetradactyla
Cleaner - Pine Sol,43,94.88,Dendrocitta vagabunda
"Water - Spring Water, 355 Ml",48,83.34,Bucephala clangula
Scallops - In Shell,61,68.74,Buteo jamaicensis
Lotus Root,94,9.68,Milvus migrans
Beer - Molson Excel,3,49.21,Cebus nigrivittatus
Cheese - Perron Cheddar,25,11.55,Butorides striatus
Juice - Lime,91,20.75,Paradoxurus hermaphroditus
Cinnamon Buns Sticky,50,94.56,Cereopsis novaehollandiae
Muffin Carrot - Individual,89,22.49,Psophia viridis
Table Cloth 54x72 White,42,46.11,Ammospermophilus nelsoni
Capers - Ox Eye Daisy,99,35.08,Phoeniconaias minor
Lobak,94,28.06,Stercorarius longicausus
"Wine - Magnotta, Merlot Sr Vqa",85,93.02,Felis caracal
"Pasta - Shells, Medium, Dry",94,71.97,Vanessa indica
"Juice - Orange, 341 Ml",48,34.83,Gymnorhina tibicen
Macaroons - Homestyle Two Bit,19,57.29,Aegypius tracheliotus
"Soup - French Onion, Dry",78,91.46,Eubalaena australis
"Artichoke - Bottom, Canned",54,93.58,Arctogalidia trivirgata
Triple Sec - Mcguinness,40,57.95,Mephitis mephitis
Rice - Basmati,54,87.32,Sarcorhamphus papa
"Soup - Knorr, Country Bean",7,26.65,Upupa epops
Plastic Wrap,87,87.1,Hyaena brunnea
"Wine - Red, Wolf Blass, Yellow",27,7.35,Rhea americana
"Squash - Pattypan, Yellow",91,38.8,Ovis dalli stonei
Broom Handle,80,89.66,Deroptyus accipitrinus
Flour - Pastry,32,20.62,Macropus agilis
Beef - Ground Medium,25,56.87,Merops nubicus
Parsley - Dried,68,45.77,Phalaropus fulicarius
Beer - Heinekin,94,69.98,Potos flavus
"Pasta - Shells, Medium, Dry",23,46.35,Recurvirostra avosetta
Olives - Morracan Dired,20,42.48,Cordylus giganteus
Maple Syrup,67,8.84,Oreamnos americanus
Cheese - Cambozola,30,34.54,Nasua nasua
Soap - Hand Soap,56,1.14,Laniaurius atrococcineus
Sugar Thermometer,60,46.77,Dipodomys deserti
"Pail - 15l White, With Handle",65,21.69,Petaurus norfolcensis
Plaintain,15,28.54,Manouria emys
Spinach - Spinach Leaf,73,94.07,Thalasseus maximus
"Stock - Veal, Brown",95,13.05,Dasyurus viverrinus
Tequila Rose Cream Liquor,17,81.78,Suricata suricatta
"Water - Spring Water, 355 Ml",36,18.43,Grus rubicundus
Lentils - Green Le Puy,36,25.83,Spermophilus armatus
"Coconut - Creamed, Pure",83,42.68,Lorythaixoides concolor
Wine - Ice Wine,3,14.86,Felis concolor
Scrubbie - Scotchbrite Hand Pad,21,30.49,Phalacrocorax brasilianus
Tomatoes - Yellow Hot House,96,25.21,Callipepla gambelii
Tea - Grapefruit Green Tea,87,34.94,Zalophus californicus
Tomatoes - Hot House,67,46.54,Aonyx cinerea
Sausage - Liver,84,77.61,Martes americana
Sage Ground Wiberg,8,61.78,Anathana ellioti
Bar - Sweet And Salty Chocolate,38,41.94,Ciconia ciconia
Pork - Bones,30,21.43,Stercorarius longicausus
Nantucket Orange Juice,77,7.06,Pelecanus conspicillatus
Cheese - Comte,50,2.23,Spheniscus magellanicus
"Oregano - Dry, Rubbed",65,97.88,Macropus rufogriseus
Wine - Touraine Azay - Le - Rideau,33,73.97,Mabuya spilogaster
"Vodka - Hot, Lnferno",77,25.83,Lasiodora parahybana
"Chicken - Thigh, Bone In",74,58.36,Callipepla gambelii
Chervil - Fresh,35,55.81,Thalasseus maximus
Sauce - Vodka Blush,89,99.02,Helogale undulata
Cheese - Cream Cheese,93,37.04,Otocyon megalotis
Godiva White Chocolate,67,71.63,Plegadis falcinellus
Pears - Bosc,79,76.03,Spheniscus magellanicus
Smirnoff Green Apple Twist,74,5.66,Junonia genoveua
Daikon Radish,24,30.65,Papio cynocephalus
"Wine - White, Cooking",80,92.42,Panthera leo
Red Cod Fillets - 225g,20,63.53,Cathartes aura
Pie Shell - 5,26,75.41,Irania gutteralis
Bread - Rosemary Focaccia,39,66.43,Estrilda erythronotos
"Cheese - Mozzarella, Buffalo",61,28.34,Hyaena hyaena
Shopper Bag - S - 4,67,68.58,Ctenophorus ornatus
Pastrami,9,55.53,Butorides striatus
Iced Tea Concentrate,54,70.16,Tamandua tetradactyla
Apple - Royal Gala,38,9.29,Loxodonta africana
Cotton Wet Mop 16 Oz,95,33.55,Morelia spilotes variegata
Cookie - Dough Variety,14,22.58,Grus rubicundus
Pie Shells 10,83,40.48,unavailable
Kippers - Smoked,43,16.28,Trichoglossus haematodus moluccanus
Broom And Brush Rack Black,57,35.43,Gymnorhina tibicen
"Bread - Roll, Soft White Round",78,41.27,Trichoglossus haematodus moluccanus
"Wine - Magnotta, White",87,9.54,Ovis ammon
"Wine - White, French Cross",40,38.67,Anas punctata
Flower - Carnations,27,86.01,Lemur catta
Beets - Golden,57,64.36,Dicrurus adsimilis
"Pepper - Chipotle, Canned",82,90.51,Iguana iguana
Chocolate - Sugar Free Semi Choc,10,90.94,Centrocercus urophasianus
Saskatoon Berries - Frozen,34,6.42,Lamprotornis nitens
Huck Towels White,34,15.43,Vulpes vulpes
Loquat,29,15.53,Canis aureus
"Wine - White, Pelee Island",63,80.56,Connochaetus taurinus
"Shrimp - Baby, Warm Water",57,56.03,Semnopithecus entellus
Curry Paste - Madras,18,10.19,unavailable
"Beans - Black Bean, Canned",1,87.67,Libellula quadrimaculata
"Carrots - Purple, Organic",81,17.36,Hippotragus equinus
Tamarind Paste,91,96.66,Ctenophorus ornatus
Pork - Bones,19,19.8,Spermophilus parryii
"Zucchini - Mini, Green",80,19.71,Uraeginthus granatina
Wine - Fat Bastard Merlot,27,48.84,Aegypius tracheliotus
Ostrich - Prime Cut,43,26.42,Cervus unicolor
Cheese - Pied De Vents,22,56.19,Sus scrofa
Water - San Pellegrino,53,13.45,Ovis canadensis
Muffin - Mix - Strawberry Rhubarb,92,4.63,Proteles cristatus
Pate Pans Yellow,66,43.67,Chlamydosaurus kingii
"Nestea - Ice Tea, Diet",73,39.82,Pteronura brasiliensis
Sole - Iqf,42,62.86,Felis rufus
Dc - Sakura Fu,58,80.86,Hippotragus equinus
Wine - Sawmill Creek Autumn,57,74.13,unavailable
Yeast Dry - Fleischman,98,82.33,Pteropus rufus
Cake - Miini Cheesecake Cherry,79,86.85,Hymenolaimus malacorhynchus
Wine - Remy Pannier Rose,83,38.41,Platalea leucordia
Tomatoes - Orange,3,29.0,Hydrochoerus hydrochaeris
Tea - Decaf Lipton,89,47.32,Halcyon smyrnesis
Bagels Poppyseed,36,99.83,Manouria emys
Lady Fingers,23,88.61,Ephipplorhynchus senegalensis
Longos - Chicken Curried,37,57.83,Gorilla gorilla
Quail Eggs - Canned,47,84.14,Creagrus furcatus
Towels - Paper / Kraft,4,98.17,Cracticus nigroagularis
"Loaf Pan - 2 Lb, Foil",96,82.16,Canis dingo
Pepper - Gypsy Pepper,37,8.82,Nyctanassa violacea
Bread Base - Gold Formel,98,51.49,Haliaetus vocifer
Irish Cream - Baileys,23,13.94,Semnopithecus entellus
Cabbage - Savoy,100,43.24,Cercopithecus aethiops
"Tabasco Sauce, 2 Oz",40,57.48,Anthropoides paradisea
Cheese - St. Paulin,78,42.67,Heloderma horridum
Caviar - Salmon,21,53.78,Ursus arctos
"Cheese - Brie, Triple Creme",54,35.06,Gekko gecko
Tuna - Yellowfin,68,36.06,Damaliscus lunatus
Shichimi Togarashi Peppeers,67,28.05,Lutra canadensis
Cheese - Goat With Herbs,38,78.42,Castor canadensis
Chocolate - Liqueur Cups With Foil,9,17.44,Isoodon obesulus
Toothpick Frilled,89,14.55,Semnopithecus entellus
Pear - Prickly,16,23.32,Vulpes vulpes
Corn Kernels - Frozen,91,92.64,Macropus rufogriseus
Wine La Vielle Ferme Cote Du,27,64.61,Hyaena brunnea
Plate Foam Laminated 9in Blk,66,10.25,Paroaria gularis
Ocean Spray - Ruby Red,70,35.37,Merops bullockoides
Lidsoupcont Rp12dn,77,63.14,Coluber constrictor
Clam - Cherrystone,21,68.25,Propithecus verreauxi
"Mushrooms - Black, Dried",48,8.0,Felis libyca
Pecan Raisin - Tarts,69,56.61,Ciconia ciconia
Blackberries,23,41.51,Dasypus septemcincus
Carrots - Mini Red Organic,33,8.56,Galago crassicaudataus
Sage - Ground,25,93.77,Lepus townsendii
Pepper - Scotch Bonnet,17,27.98,Chelodina longicollis
Cheese - Cambozola,97,60.2,Ourebia ourebi
Oxtail - Cut,15,79.61,Grus antigone
"Nut - Pecan, Pieces",90,76.09,Vanellus chilensis
Bread - English Muffin,45,51.54,Smithopsis crassicaudata
Onions - Red Pearl,86,52.56,Phalacrocorax carbo
Veal - Ground,18,13.34,Hippotragus niger
Milk 2% 500 Ml,7,56.16,Chelodina longicollis
"Water, Tap",87,27.21,Naja nivea
Sprouts - Peppercress,58,93.74,Tockus flavirostris
Shark - Loin,33,58.42,Lepus townsendii
Bread - Wheat Baguette,72,62.38,Bettongia penicillata
Tamarind Paste,76,1.49,Ciconia ciconia
"Jam - Marmalade, Orange",6,76.69,Macropus fuliginosus
Smirnoff Green Apple Twist,87,15.25,Pandon haliaetus
Ecolab - Balanced Fusion,79,12.34,Hymenolaimus malacorhynchus
Mudslide,23,74.24,Eunectes sp.
Bagelers,7,32.97,Tiliqua scincoides
Nestea - Iced Tea,82,5.34,Naja sp.
Lettuce - Boston Bib,35,92.4,Dipodomys deserti
Cake - French Pear Tart,73,78.31,Irania gutteralis
Beef Cheek Fresh,90,47.54,Sagittarius serpentarius
Creamers - 10%,33,65.83,Terathopius ecaudatus
Danishes - Mini Raspberry,99,61.05,Tachybaptus ruficollis
Watercress,61,9.25,Dasyurus maculatus
Fudge - Cream Fudge,27,93.9,Gekko gecko
Mousse - Passion Fruit,41,75.68,Ovis musimon
"Pork - Ham, Virginia",2,32.14,Ara chloroptera
Beer - Paulaner Hefeweisse,21,69.25,Pelecans onocratalus
Pineapple - Golden,59,47.98,Mycteria leucocephala
Pepper - Orange,65,39.34,Leprocaulinus vipera
Sugar - White Packet,91,4.92,Sagittarius serpentarius
Bread Roll Foccacia,76,42.23,Felis concolor
Beer - Mcauslan Apricot,47,14.59,Terrapene carolina
Kale - Red,56,13.44,Alligator mississippiensis
Swordfish Loin Portions,10,38.73,Buteo galapagoensis
Energy Drink Bawls,94,69.08,Kobus defassa
Veal - Leg,61,4.37,Semnopithecus entellus
Milkettes - 2%,82,68.22,Otocyon megalotis
Sugar - Invert,21,68.26,Lemur catta
Muffin Chocolate Individual Wrap,7,49.65,Agelaius phoeniceus
Soup - Campbells Beef Stew,72,28.3,Amazona sp.
Pepper - Gypsy Pepper,96,23.17,Eudyptula minor
Hinge W Undercut,51,77.0,Phalacrocorax brasilianus
Muffin Mix - Morning Glory,19,32.29,Heloderma horridum
Oil - Peanut,33,39.06,Crotalus cerastes
Pate Pans Yellow,68,39.74,Colaptes campestroides
Wine - Cave Springs Dry Riesling,76,11.73,Varanus salvator
"Pork - Back, Short Cut, Boneless",22,54.17,Butorides striatus
"Wine - White, Concha Y Toro",43,14.44,Larus fuliginosus
Peas - Frozen,98,64.41,Meles meles
Wine - Prosecco Valdobiaddene,66,87.62,Nannopterum harrisi
Steel Wool,71,74.38,Meles meles
Plate Foam Laminated 9in Blk,2,96.71,Grus canadensis
Cake - Lemon Chiffon,72,60.92,Helogale undulata
Pork - Inside,86,99.2,Corvus albicollis
"Pasta - Canelloni, Single Serve",78,5.14,Eira barbata
Longos - Greek Salad,33,21.09,Chlidonias leucopterus
Table Cloth - 53x69 Colour,59,84.81,Neotis denhami
Spice - Peppercorn Melange,75,25.44,Terrapene carolina
Arizona - Green Tea,61,75.79,Mungos mungo
Lemons,51,66.16,Neophoca cinerea
Cookies Almond Hazelnut,55,5.27,Prionace glauca
Papadam,11,71.44,Phalacrocorax niger
Potatoes - Parissienne,30,62.35,Semnopithecus entellus
"Lamb - Leg, Bone In",46,9.24,Ourebia ourebi
Chinese Foods - Cantonese,85,99.21,Ictalurus furcatus
Ice Cream Bar - Hagen Daz,41,54.4,Mellivora capensis
Olive - Spread Tapenade,98,63.79,Felis silvestris lybica
Yeast Dry - Fermipan,38,90.8,Melursus ursinus
Bandage - Flexible Neon,81,68.12,Globicephala melas
Rye Special Old,38,34.47,Psittacula krameri
Eel Fresh,45,11.5,Cracticus nigroagularis
Wine - Prosecco Valdobiaddene,19,86.25,Cacatua galerita
Lychee,33,51.08,Macropus fuliginosus
Melon - Watermelon Yellow,16,15.42,Funambulus pennati
Tomatoes - Roma,64,21.63,Catharacta skua
Wine - Rhine Riesling Wolf Blass,31,79.07,Gyps fulvus
"Ice - Clear, 300 Lb For Carving",3,95.62,Choloepus hoffmani
Dome Lid Clear P92008h,28,45.3,Lasiodora parahybana
Pastry - Lemon Danish - Mini,49,32.31,Ardea golieth
"Pepper - Green, Chili",100,46.07,Ictalurus furcatus
"Corn - Cream, Canned",2,5.46,Phascogale tapoatafa
"Yogurt - Cherry, 175 Gr",80,82.29,Anastomus oscitans
Nantucket - Pomegranate Pear,27,35.32,Cebus apella
"Cheese - Brie, Cups 125g",38,29.74,Anser anser
Wine - Dubouef Macon - Villages,80,56.51,Mirounga leonina
Wine - Chateauneuf Du Pape,62,26.66,Ardea golieth
"Carrots - Purple, Organic",51,90.84,Coracias caudata
Snails - Large Canned,62,2.86,Aegypius tracheliotus
Bread - Ciabatta Buns,82,84.13,Ardea cinerea
Almonds Ground Blanched,7,35.67,Chelodina longicollis
Bread - Raisin Walnut Oval,37,73.0,Macropus robustus
Bread - Kimel Stick Poly,27,56.55,Pavo cristatus
Pastry - Baked Cinnamon Stick,10,50.98,Pseudoleistes virescens
Nantuket Peach Orange,95,14.95,Limnocorax flavirostra
Foam Tray S2,36,54.73,Plectopterus gambensis
Beer - Heinekin,57,39.17,Corvus albicollis
The Pop Shoppe - Grape,79,41.19,Vanellus chilensis
Basil - Fresh,68,74.07,Cygnus atratus
Paper Towel Touchless,28,31.48,Sterna paradisaea
Dish Towel,42,35.92,Colobus guerza
"Wine - Red, Harrow Estates, Cab",62,52.49,Alligator mississippiensis
Figs,71,40.33,Agkistrodon piscivorus
Wine - Vidal Icewine Magnotta,63,60.32,Grus antigone
Mushroom - Lg - Cello,23,54.81,Eubalaena australis
Beef - Prime Rib Aaa,70,18.33,Bos taurus
"Soup - Canadian Pea, Dry Mix",29,65.18,Nectarinia chalybea
"Juice - Cranberry, 341 Ml",51,12.37,Stercorarius longicausus
Container Clear 8 Oz,78,56.45,Ephippiorhynchus mycteria
Beef - Tenderloin,18,25.37,Trichoglossus haematodus moluccanus
Salt - Sea,41,45.44,Ammospermophilus nelsoni
Rum - Mount Gay Eclipes,46,85.41,Hystrix cristata
Squid - U - 10 Thailand,21,56.49,Vulpes vulpes
Chicken Breast Wing On,57,29.59,Otaria flavescens
Pork - Backs - Boneless,66,80.8,Gymnorhina tibicen
Temperature Recording Station,58,50.5,Ciconia episcopus
Lettuce - Red Leaf,26,78.35,Actophilornis africanus
Tomatoes - Grape,47,49.55,Francolinus coqui
Juice - Ocean Spray Kiwi,86,49.18,Pytilia melba
Arctic Char - Fillets,91,58.98,Mycteria leucocephala
Wine - Guy Sage Touraine,20,70.55,Macropus giganteus
"Wine - White, French Cross",94,99.19,Cervus elaphus
"Oil - Truffle, White",59,9.5,Neophron percnopterus
Flower - Commercial Bronze,70,26.6,Philetairus socius
Wine - Prosecco Valdobienne,94,41.64,Zosterops pallidus
Cherries - Frozen,71,33.62,Cervus canadensis
Sprouts Dikon,2,77.76,Dasypus septemcincus
Soup - Verve - Chipotle Chicken,39,90.8,Alopex lagopus
Puff Pastry - Sheets,70,23.31,Fulica cristata
Energy - Boo - Koo,67,46.52,Stercorarius longicausus
Tea - Decaf 1 Cup,69,95.57,Capreolus capreolus
Wine - Sawmill Creek Autumn,95,38.96,Tiliqua scincoides
Coffee - Espresso,13,65.02,Centrocercus urophasianus
Pheasants - Whole,55,44.08,Cervus duvauceli
Mints - Striped Red,23,99.18,Bradypus tridactylus
Eel Fresh,49,16.59,Cynictis penicillata
Contreau,8,79.98,Colobus guerza
Puree - Blackcurrant,2,46.13,Felis caracal
"Bag - Bread, White, Plain",47,7.81,Panthera tigris
"Salsify, Organic",15,33.68,Nycticorax nycticorax
Wine - Delicato Merlot,6,53.1,Didelphis virginiana
Dc Hikiage Hira Huba,72,81.17,Theropithecus gelada
Beets - Pickled,68,28.61,Phoenicopterus ruber
Sour Puss - Tangerine,45,31.47,Tapirus terrestris
Blouse / Shirt / Sweater,91,31.13,Castor fiber
Creme De Banane - Marie,99,74.3,Canis lupus
Bread Base - Italian,17,28.94,unavailable
Tea - Green,2,31.67,Priodontes maximus
Beans - Yellow,23,70.92,Phalacrocorax niger
Cheese - Perron Cheddar,28,65.34,Bos taurus
Wood Chips - Regular,90,8.12,Geospiza sp.
Salmon - Canned,52,5.33,Rhea americana
Juice Peach Nectar,19,75.85,Dusicyon thous
"Plate - Foam, Bread And Butter",1,32.23,Cynictis penicillata
"Juice - Apple, 1.36l",3,96.19,Tachybaptus ruficollis
Tamarillo,74,45.9,Herpestes javanicus
Maintenance Removal Charge,31,2.24,Bison bison
Muffin Chocolate Individual Wrap,87,7.82,Crotalus triseriatus
Peach - Fresh,90,69.06,Dasypus novemcinctus
Tea - Orange Pekoe,44,67.9,Phoenicopterus chilensis
Assorted Desserts,24,77.83,Thylogale stigmatica
Bulgar,24,59.3,Spizaetus coronatus
Ecolab - Medallion,46,49.74,Oncorhynchus nerka
Oil - Cooking Spray,9,92.76,Alligator mississippiensis
Bread - Flat Bread,49,21.3,Dendrocitta vagabunda
Ecolab Crystal Fusion,39,15.8,Balearica pavonina
Cheese - Brick With Onion,5,76.67,Lepus arcticus
Energy Drink Red Bull,48,15.71,Morelia spilotes variegata
V8 - Vegetable Cocktail,99,21.33,Semnopithecus entellus
Bread - Olive,93,83.92,Dacelo novaeguineae
"Wine - White, Antinore Orvieto",10,24.25,Phasianus colchicus
Vinegar - White Wine,22,12.43,Leprocaulinus vipera
Chips - Assorted,78,42.44,Platalea leucordia
Temperature Recording Station,64,43.11,Choriotis kori
Oregano - Fresh,38,47.58,Galago crassicaudataus
Mustard - Seed,89,7.2,Cochlearius cochlearius
Beer - Upper Canada Light,53,83.91,Eumetopias jubatus
Buffalo - Short Rib Fresh,84,11.63,Hystrix indica
Tandoori Curry Paste,99,58.11,Laniarius ferrugineus
"Pork - Back, Short Cut, Boneless",56,63.51,Prionace glauca
Maple Syrup,71,21.99,Pycnonotus barbatus
Croissants Thaw And Serve,5,66.6,Uraeginthus angolensis
"Mushrooms - Black, Dried",32,84.19,Gazella thompsonii
Latex Rubber Gloves Size 9,14,91.89,Passer domesticus
Scallops - Live In Shell,78,84.27,Cyrtodactylus louisiadensis
Eel - Smoked,91,14.13,Manouria emys
Wine - Sake,99,28.69,Lepus arcticus
Flower - Potmums,17,88.23,Propithecus verreauxi
Wine - Chardonnay South,74,86.11,Lybius torquatus
Cheese - Taleggio D.o.p.,75,32.59,Manouria emys
"Beef - Tenderlion, Center Cut",52,31.58,Eudyptula minor
Carbonated Water - Raspberry,32,65.56,Myiarchus tuberculifer
